nazvanie_zanyatiya,stupeni,n_stupeney
ИНДИВИДУАЛЬНОЕ ЗАНЯТИЕ ПО АВТОМАТИЗАЦИИ ЗВУКА [Ш] В СЛОВАХ И ПРЕДЛОЖЕНИЯХ,слова|предложения,2
"Индивидуальное занятие ""Автоматизация звука [P\'] в слогах. словах, предложениях""",слоги|слова|предложения,3
Индивидуальное занятие по автоматизации звука Ш – в словах и предложениях,слова|предложения,2
Индивидуальное логопедическое занятие “Звук [р]. Автоматизация в слогах и словах.”,слоги|слова,2
"Индивидуальное логопедическое занятие “Звук [р]. Автоматизация в слогах и словах” для воспитанников старшего возраста.Автор: Карташова Евгения Олеговна, учитель-логопед МАДОУ ЦРР-дет",слоги|слова,2
КОНСПЕКТ индивидуального логопедического занятия по звукопроизношению « Автоматизация звука Л в закрытых слогах и в словах»,слоги|слова,2
"Конспект занятия по коррекции звукопроизношения ""Автоматизация твердого звука [р] в словах и предложениях"". Презентацию к этому занятию можно посмотреть на моем мини-сайте",слова|предложения,2
Конспект индивидуального занятия «Автоматизация звука [Р] в слогах и словах»,слоги|слова,2
"Конспект индивидуального занятия Тема: «Автоматизация звука [Ч] в словах, предложениях»",слова|предложения,2
"Конспект индивидуального занятия по автоматизации звука ""Р"" в словах и предложениях",слова|предложения,2
"Конспект индивидуального занятия по автоматизации звука [Ш] в словах, словосочетаниях, предложениях",слова|словосочетания|предложения,3
"Конспект индивидуального занятия по автоматизации звука [л] в слогах, словах, предложениях",слоги|слова|предложения,3
"Конспект индивидуального занятия по автоматизации звука [р] в словах, предложениях, рифмовках",слова|предложения|чистоговорки,3
"Конспект индивидуального занятия: автоматизация звука ""Л"" в слогах, словах, в предложениях, в тексте",слоги|слова|предложения|текст,4
"Конспект индивидуального занятияТема: «Автоматизация звука [Ч] в словах, предложениях»Цель: автоматизация звука [Ч] в словах, предложениях»Задачи:1. Коррекционно-образовательные:- ут",слова|предложения,2
"Конспект индивидуального логопедического занятия ""Автоматизация звука Р в слогах,словах, предложениях.""",слоги|слова|предложения,3
"Конспект индивидуального логопедического занятия ""Автоматизация твердого звука [р] словах и предложениях""",слова|предложения,2
"Конспект индивидуального логопедического занятия «Автоматизация звука [С] в слогах, словах, предложениях»",слоги|слова|предложения,3
"Конспект индивидуального логопедического занятия «Автоматизация звука [ш] в слогах, словах и предложениях»",слоги|слова|предложения,3
"Конспект индивидуального логопедического занятия «Автоматизация звука Ш в слогах, словах, предложениях»",слоги|слова|предложения,3
"Конспект индивидуального логопедического занятия для детей старшего возраста: ""Автоматизация звука Р в слогах, словах, предложениях""",слоги|слова|предложения,3
Конспект индивидуального логопедического занятия по звукопроизношению в старшей группе c использованием компьютерной игры “Игры для Тигры”. Тема: «Автоматизация звука [С] в слогах и словах»,слоги|слова,2
"Конспект индивидуального логопедического занятия по теме ""Автоматизация звука [Р] в слогах, словах, предложениях""",слоги|слова|предложения,3
"Конспект индивидуального логопедического занятия с ребенком подготовительной группы «Автоматизация звука Ш в словах, словосочетаниях, предложениях»",слова|словосочетания|предложения,3
"Конспект индивидуального логопедического занятия: ""Автоматизация звука Р в слогах, словах, предложениях""",слоги|слова|предложения,3
"Конспект индивидуальной НОД по автоматизации звука [р] в словах и предложениях ""Мы построим Дом Друзей!""",слова|предложения,2
"Конспект логопедического занятия по автоматизации звука ""Рь"" в слогах, словах, предложениях",слоги|слова|предложения,3
"Конспект логопедического индивидуального занятия ""Автоматизация звука [Р] в связной речи",текст,1
"Конспект подгруппового логопедического занятия по автоматизации звука [Л] в словах словосочетаниях, предложениях и связной речи",слова|словосочетания|предложения|текст,4
Методическая разработка-конспект индивидуального занятия по автоматизации звука Ш в слогах и словах,слоги|слова,2
"Представлено индивидуальное занятие на автоматизацию звука [P'] для учащихся младших классов. Приводятся артикуляционные упражнения, чистоговорки, а также работа над предложением",предложения|чистоговорки,2
"Презентация индивидуального занятия ""Автоматизация звука ""Ш"" в слогах, словах""",слоги|слова,2
"Технология коррекции звукопроизношения Т.Б.Филичевой, Г.В.Чиркиной. Конспект индивидуального занятия. Автоматизация звука [Л] в словах, во фразе",слова|фразы,2
