keyword,volume,cpc,competition,kd,klass
cursive alphabet,368000,0.10,HIGH(100),4,kontrol
cursive worksheets,14800,1.00,MEDIUM(42),5,kontrol
cursive letters a to z,2900,0.09,HIGH(99),,kontrol
cursive worksheet generator,1600,1.10,LOW(4),0,kontrol
initial r words,5400,0.02,LOW(3),0,poziciya
initial s words,5400,0.02,LOW,0,poziciya
initial l words,5400,0.01,LOW,0,poziciya
initial f words,3600,,LOW,,poziciya
initial k words,3600,,LOW,,poziciya
medial l words,3600,,LOW,0,poziciya
initial sh words,2900,0.01,LOW(1),0,poziciya
initial th words,2900,,LOW,0,poziciya
final s words,2900,,LOW,0,poziciya
medial s words,2400,,LOW,0,poziciya
initial ch words,1900,0.02,LOW,0,poziciya
medial th words,1900,,LOW,0,poziciya
final sh words,1900,0.02,LOW,0,poziciya
final th words,1900,,LOW,0,poziciya
medial r words,1600,,LOW,0,poziciya
medial sh words,1600,,LOW,0,poziciya
medial k words,1600,,LOW,,poziciya
final r words,1300,,LOW(1),0,poziciya
final l words,1300,,LOW,0,poziciya
medial g words,1300,,LOW,,poziciya
medial v words,1300,,LOW,,poziciya
medial f words,1300,,LOW,,poziciya
worksheet generator,2400,1.93,MEDIUM(42),39,generator
make your own worksheets,320,2.17,LOW(23),,generator
articulation worksheet generator,n/a,,,,generator
speech therapy worksheet generator,n/a,,,,generator
speech language therapy games,1600,2.97,MEDIUM,,format
articulation word lists,90,0.06,LOW(10),0,format
minimal pairs worksheets,70,0.07,LOW(30),0,format
wh questions worksheets for speech therapy,40,0.09,HIGH(79),,format
no prep articulation activities,10,,LOW,,format
speech therapy games printable,10,0.01,MEDIUM(50),,format
articulation maze,n/a,,,,format
minimal pairs speech therapy,n/a,,,,format
articulation sentences worksheet,n/a,,,,format
speech therapy worksheets,390,1.21,HIGH(81),6,obshchie
speech language therapy worksheets,390,1.21,HIGH(81),,obshchie
articulation cards,320,0.81,HIGH(100),0,obshchie
r sound words,210,0.03,LOW(13),0,obshchie
articulation worksheets,170,5.39,LOW(27),0,obshchie
articulation activities,140,0.40,LOW(31),0,obshchie
free articulation worksheets,140,0.12,LOW(2),0,obshchie
free worksheets for speech therapy,90,1.72,LOW(17),7,obshchie
articulation worksheets for speech therapy,70,0.61,MEDIUM(62),,obshchie
speech therapy printables,30,3.26,HIGH(76),,obshchie
printable worksheets for speech therapy,30,,,,obshchie
speech therapy worksheets pdf free download,30,1.52,LOW(6),,obshchie
articulation homework,20,0.17,LOW(10),,obshchie
free speech therapy worksheets for adults,20,,LOW(0),,obshchie
speech therapy homework sheets,10,4.13,MEDIUM(43),,obshchie
free speech therapy worksheets,n/a,,,,obshchie
speech therapy materials,n/a,,,,obshchie
printable speech therapy worksheets,n/a,,,,obshchie
s articulation worksheets,70,0.17,LOW(21),0,po_zvukam
r articulation worksheets,50,0.11,LOW(8),0,po_zvukam
th articulation worksheets,50,0.12,LOW(10),0,po_zvukam
l articulation worksheets,40,0.08,LOW(14),0,po_zvukam
r worksheets speech therapy,30,0.33,HIGH(86),,po_zvukam
speech therapy r sound worksheets,30,,HIGH(81),,po_zvukam
s sound worksheets speech therapy,30,3.19,HIGH(76),,po_zvukam
sh articulation worksheets,20,,LOW(7),,po_zvukam
k articulation worksheets,20,0.02,LOW(12),,po_zvukam
f articulation worksheets,20,0.10,LOW(24),,po_zvukam
v articulation worksheets,20,0.17,LOW(11),33,po_zvukam
k and g articulation worksheets,20,0.20,LOW(16),,po_zvukam
s blends articulation worksheets,20,0.10,LOW(7),,po_zvukam
l blends articulation worksheets,20,0.10,LOW(13),,po_zvukam
r articulation worksheets free,20,,LOW(3),14,po_zvukam
ch articulation worksheets,10,0.06,LOW(29),,po_zvukam
r words speech therapy,n/a,,,,po_zvukam
s words speech therapy,n/a,,,,po_zvukam
l words speech therapy,n/a,,,,po_zvukam
s blends words list,n/a,,,,po_zvukam
